ranking,artist,title,label,year,day,month,genre,number_of_songs,durations_in_seconds)\
1,Marvin Gaye,What’s Going On,Tamla,1971,21,5,Soul,9,2132
2,The Beach Boys,Pet Sounds,Capitol,1966,16,5,Pop,13,2157
3,Joni Mitchell,Blue,Reprise,1971,22,6,Folk,10,2175
4,Stevie Wonder,Songs in the Key of Life,Tamla,1976,28,9,R&B,17,5143
5,The Beatles,Abbey Road,Apple,1969,26,9,Rock,17,2823
6,Nirvana,Nevermind,Geffen,1991,24,9,Rock,13,2556
7,Fleetwood Mac,Rumours,Warner Bros,1977,4,2,Rock,11,2335
8,Prince and the Revolution,Purple Rain,Warner Bros,1984,25,6,Pop,9,2635
9,Bob Dylan,Blood on the Tracks,Columbia,1975,20,1,Rock,10,3106
10,Lauryn Hill,The Miseducation of Lauryn Hill,Ruffhouse,1998,25,8,Hip-Hop,16,4659
11,The Beatles,Revolver,Apple,1966,5,8,Rock,14,2101
12,Michael Jackson,Thriller,Epic,1982,29,11,Pop,9,2536
13,Aretha Franklin,I Never Loved a Man the Way I Love You,Atlantic,1967,10,3,Soul,14,1971
14,The Rolling Stones,Exile on Main Street,Rolling Stones Records,1972,12,5,Rock,18,4027
15,Public Enemy,t Takes a Nation of Millions to Hold Us Back,Def Jam,1988,28,6,Hip-Hop,16,3471
16,The Clash,London Calling,CBS,1979,14,12,Rock,19,3907
17,Kanye West,My Beautiful Dark Twisted Fantasy,Roc-A-Fella,2010,22,11,Hip-Hop,13,4119
18,Bob Dylan,Highway 61 Revisited,Columbia,1965,30,8,Rock,9,3086
19,Kendrick Lamar,To Pimp a Butterfly,TDE,2015,15,3,Hip-Hop,16,4731
20,Radiohead,Kid A,Parlophone,2000,2,10,Rock,10,2996
21,Bruce Springsteen,Born to Run,Columbia,1975,25,8,Rock,8,2363
22,The Notorious B.I.G.,Ready to Die,Bad Boy,1994,13,9,Hip-Hop,17,4145
23,The Velvet Underground,The Velvet Underground and Nico,Verve,1967,15,3,Rock,11,2871
24,The Beatles,‘Sgt. Pepper’s Lonely Hearts Club Band,Capitol,1967,26,5,Rock,13,2376
25,Carole King,Tapestry,Sony,1971,10,2,Rock,12,2671
26,Patti Smith,Horses,Arista,1975,10,11,Rock,8,2590
27,Wu-Tang Clan,Enter the Wu-Tang(36 Chambers),Loud,1993,9,11,Hip-Hop,12,3506
28,D’Angelo,Voodoo,EMI,2000,25,1,Soul,13,4734
29,The Beatles,White Album,Apple,1968,22,11,Rock,30,5613
30,Jimi Hendrix,Are You Experienced,Track,1967,12,5,Rock,11,2314
31,Miles Davis,Kind of Blue,Columbia,1959,17,8,Jazz,5,2744
32,Beyoncé,Lemonade,Parkwood,2016,23,4,R&B,12,2745
33,Amy Winehouse,Back to Black,Island,2006,27,10,Soul,11,2096
34,Stevie Wonder,Innervisions,Tamla,1973,3,8,Soul,9,2632
35,The Beatles,Rubber Soul,Parlophone,1965,3,12,Rock,14,2099
36,Michael Jackson,Off the Wall,Epic,1979,10,8,Disco,10,2544
37,Dr. Dre,The Chronic,Deathrow,1992,15,12,Hip-Hop,15,3772
38,Bob Dylan,Blonde on Blonde,Columbia,1966,20,6,Rock,14,4377
39,Talking Heads,Remain in Light,Sire,1980,8,10,New wave,8,2410
40,David Bowie,The Rise and Fall of Ziggy Stardust and the Spiders From Mars,RCA,1972,16,6,Rock,11,2309
41,The Rolling Stones,Let It Bleed,ABKCO,1969,28,11,Rock,9,2541
42,Radiohead,OK Computer,Capitol,1997,21,5,Rock,12,3201
43,A Tribe Called Quest,The Low End Theory,Jive,1991,24,9,Hip-Hop,14,2883
44,Nas,Illmatic,Columbia,1994,19,4,Hip-Hop,10,2388
45,Prince,Sign O’ the Times,Paisley Park,1987,30,3,R&B,16,4806
46,Paul Simon,Graceland,Columbia,1986,25,8,Rock,11,2598
47,Ramones,Ramones,Sire,1976,23,4,Rock,14,1744
48,Bob Marley and the Wailers,Exodus,Island,1977,3,6,Reggae,10,2244
49,OutKast,Aquemini,LaFace,1998,29,9,Hip-Hop,16,4487
50,Jay-Z,The Blueprint,Roc-A-Fella,2001,11,9,Hip-Hop,13,3805
51,Chuck Berry,The Great Twenty-Eight,Chess,1982,15,6,Rock,28,4135
52,David Bowie,Station to Station,RCA,1976,23,11,Rock,6,2274
53,Jimi Hendrix,Electric Ladyland,Reprise,1968,16,10,Rock,16,4436
54,James Brown,Star Time,Polydor,1991,7,5,Funk,71,17532
55,Pink Floyd,The Dark Side of the Moon,EMI,1973,1,3,Rock,10,2570
56,Liz Phair,Exile in Guyville,Matador,1993,22,6,Rock,18,3351
57,The Band,The Band,Capitol,1969,22,9,Rock,12,2630
58,Led Zeppelin,Led Zeppelin IV,Atlantic,1971,8,11,Rock,8,2557
59,Stevie Wonder,Talking Book,Tamla,1972,27,10,Soul,10,2609
60,Van Morrison,Astral Weeks,Warner Bros,1968,29,11,Rock,8,2830
61,Eric B. and Rakim,Paid in Full,4th & B’way,1987,7,7,Hip-Hop,10,2708
62,Guns N’ Roses,Appetite for Destruction,Geffen,1987,21,7,Rock,12,3232
63,Steely Dan,Aja,ABC,1977,29,9,Rock,7,2396
64,OutKast,Stankonia,LaFace,2000,31,10,Hip-Hop,24,4387
65,James Brown,Live at the Apollo,King,1963,15,5,R&B,12,1891
66,John Coltrane,‘A Love Supreme,Impulse!,1965,15,1,Jazz,3,1967
67,Jay-Z,Reasonable Doubt,Roc-A-Fella,1996,25,6,Hip-Hop,14,3332
68,Kate Bush,Hounds of Love,EMI,1985,16,9,Pop,12,2853
69,Alanis Morissette,Jagged Little Pill,Maverick,1995,13,6,Rock,13,3443
70,N.W.A.,Straight Outta Compton,Ruthless,1988,8,8,Hip-Hop,13,3616
71,Beyonce,Renaissance,Parkwood,2022,29,7,R&B,16,3734
72,Neil Young,Harvest,Reprise,1972,1,2,Rock,10,2230
73,My Bloody Valentine,Loveless,Sire,1991,4,11,Rock,11,2911
74,Kanye West,The College Dropout,Roc-A-Fella,2004,10,2,Hip-Hop,21,4573
75,Aretha Franklin,Lady Soul,Atlantic,1968,22,1,R&B,14,1721
76,Curtis Mayfield,Superfly,Curtom,1972,11,7,Soul,9,2218
77,The Who,Who’s Next,Decca,1971,2,8,Rock,9,2619
78,Elvis Presley,The Sun Sessions,RCA,1976,21,3,Rock,16,2387
79,Frank Ocean,Blond,"Boys Don’t Cry,",2016,20,8,R&B,17,3608
80,The Sex Pistols,Never Mind the Bollocks Here’s the Sex Pistols,Warner Bros,1977,28,10,Rock,11,2324
81,Beyoncé,Beyoncé,Parkwood,2013,13,12,R&B,14,3995
82,Sly and the Family Stone,There’s a Riot Goin’ On,Epic,1971,1,11,Funk,12,2853
83,Dusty Springfield,Dusty in Memphis,Atlantic,1969,31,3,Pop,11,1959
84,AC/DC,Back in Black,Atlantic,1980,25,7,Rock,10,2531
85,John Lennon,Plastic Ono Band,Apple,1970,11,12,Rock,11,2356
86,The Doors,The Doors,Elektra,1967,4,1,Rock,11,2614
87,Miles Davis,Bitches Brew,Columbia,1970,30,8,Jazz,6,5637
88,David Bowie,Hunky Dory,RCA,1971,17,12,Rock,11,2510
89,Erykah Badu,Baduizm,Kedar,1997,11,2,Soul,14,3495
90,Neil Young,After the Gold Rush,Reprise,1970,19,9,Rock,11,2012
91,Bruce Springsteen,Darkness on the Edge of Town,Columbia,1978,2,6,Rock,10,2549
92,The Jimi Hendrix Experience,Axis: Bold as Love,Track,1967,1,12,Psychedelia,13,2329
93,Missy “Misdemeanor” Elliott,Supa Dupa Fly,Goldmind,1997,15,7,Hip-Hop,17,3606
94,The Stooges,Fun House,Elektra,1970,7,7,Punk,7,2195
95,Drake,Take Care,Cash Money,2011,5,11,Hip-Hop,18,4818
96,R.E.M.,Automatic for the People,Warner Bros,1992,5,10,Rock,12,2932
97,Metallica,Master of Puppets,Elektra,1986,3,3,Heavy metal,8,3292
98,Lucinda Williams,Car Wheels on a Gravel Road,Mercury,1998,30,6,Americana,13,3100
99,Taylor Swift,Red,Big Machine,2012,22,10,Pop,16,3909
100,The Band,Music From Big Pink,Capitol,1968,1,7,Americana,11,2542
101,Led Zeppelin,Led Zeppelin,Atlantic,1969,12,1,Rock,9,2685
102,The Clash,The Clash,CBS,1977,8,4,Rock,15,2118
103,De La Soul,Three Feet High And Rising,Tommy Boy,1989,6,2,Hip-Hop,24,4044
104,The Rolling Stones,Sticky Fingers,Rolling Stones,1971,23,4,Rock,10,2785
105,The Allman Brothers,At Fillmore East,Capricorn,1971,6,7,Rock,7,4582
106,Hole,Live Through This,Geffen,1994,12,4,Rock,12,2296
107,Television,Marquee Moon,Elektra,1977,8,2,Rock,8,2754
108,Fiona Apple,When the Pawn …,Epic,1999,9,11,Pop,10,2559
109,Lou Reed,Transformer,RCA,1972,8,11,Rock,11,2200
110,Joni Mitchell,Court and Spark,Asylum,1974,17,1,Pop,11,2218
111,Janet Jackson,Control,A&M,1986,4,2,Pop,9,2508
112,Elton John,Goodbye Yellow Brick Road,MCA,1973,5,10,Rock,17,4580
113,The Smiths,The Queen Is Dead,Sire,1986,16,6,Pop,10,2208
114,The Strokes,Is This It,RCA,2001,30,7,Rock,11,2188
115,Kendrick Lamar,"good kid, m.A.A.d city",TDE,2012,22,10,Hip-Hop,12,4103
116,The Cure,Disintegration,Fiction,1989,2,5,Rock,12,4305
117,Kanye West,Late Registration,Roc-A-Fella,2005,30,8,Hip-Hop,21,4225
118,The Eagles,Hotel California,Asylum,1976,8,12,Rock,9,2608
119,Sly and the Family Stone,Stand!,Epic,1969,15,4,Funk,8,2487
120,Van Morrison,Moondance,Warner Bros,1970,27,1,R&B,10,2294
121,Elvis Costello,This Year’s Model,Columbia,1978,17,3,New wave,12,2114
122,Nine Inch Nails,The Downward Spiral,Nothing,1994,8,3,Rock,14,3902
123,Led Zeppelin,Led Zeppelin II,Atlantic,1969,22,10,Rock,9,2444
124,U2,Achtung Baby,Island,1991,18,11,Rock,12,3327
125,Beastie Boys,Paul’s Boutiqu,Capitol,1989,25,7,Hip-Hop,15,3183
126,Mary J. Blige,My Life,Uptown,1994,29,11,R&B,17,3899
127,Ray Charles,Modern Sounds in Country and Western Music,ABC-Paramount,1962,7,9,Country,12,2373
128,Queen,A Night at the Opera,Elektra,1975,28,11,Rock,12,2588
129,Pink Floyd,The Wall,Columbia,1979,30,11,Rock,26,4842
130,Prince,1999,Warner Bros,1982,27,10,Funk,11,4229
131,Portishead,Dummy,Go! Beat,1994,22,8,Trip hop,11,2961
132,Hank Williams,40 Greatest Hit,Polydor,1978,15,6,Country,40,6419
133,Joni Mitchell,Hejira,Asylum,1976,22,11,Rock,9,3115
134,Fugees,The Score,Columbia,1996,13,2,Hip-Hop,13,3652
135,U2,The Joshua Tree,Island,1987,9,3,Rock,11,3011
136,Funkadelic,Maggot Brain,Westbound,1971,12,7,Funk,7,2216
137,Adele,21,Columbia,2011,19,1,Pop,11,2892
138,Madonna,The Immaculate Collection,Sire,1990,13,11,Pop,17,4412
139,Black Sabbath,Paranoid,Vertigo,1970,18,9,Heavy metal,8,2514
140,Bob Marley and the Wailers,Catch a Fire,Island,1973,13,4,Reggae,9,2156
141,Pixies,Doolittle,4AD,1989,17,4,Rock,15,2318
142,Bruce Springsteen,Born in the U.S.A.,Columbia,1984,4,6,Rock,12,2801
143,The Velvet Underground,The Velvet Underground,MGM,1969,15,3,Rock,10,2633
144,Led Zeppelin,Physical Graffiti,Swan Song,1975,24,2,Rock,15,4979
145,Eminem,The Marshall Mathers LP,Interscope,2000,23,5,Hip-Hop,18,4324
146,Blondie,Parallel Lines,Chrysalis,1978,23,9,New wave,11,2346
147,Jeff Buckley,Grace,Columbia,1994,23,8,Rock,12,3108
148,Frank Ocean,Channel Orange,Def Jam,2012,10,7,R&B,17,3738
149,John Prine,John Prine,Atlantic,1971,15,10,Folk,13,2647
150,Bruce Springsteen,Nebraska,Columbia,1982,30,9,Rock,10,2450
151,George Michael,Faith,Columbia,1987,30,10,Pop,9,2977
152,The Pretenders,Pretenders,Sire,1980,11,1,New wave,12,2832
153,PJ Harvey,Rid of Me,Island,1993,26,4,Rock,14,2882
154,Aretha Franklin,Amazing Grace,Atlantic,1972,1,6,Gospel,14,5143
155,Jay-Z,The Black Album,Roc-A-Fella,2003,14,11,Hip-Hop,14,3312
156,The Replacements,Let It Be,Twin,1984,2,10,Punk,11,2011
157,Oasis,(What’s the Story) Morning Glory?,Epic,1995,2,10,Rock,12,3006
158,Erykah Badu,Mama’s Gun,Motown,2000,21,11,Soul,14,4310
159,The Police,Synchronicity,A&M,1983,17,6,New wave,11,2382
160,Pearl Jam,Ten,Epic,1991,27,8,Rock,11,3200
161,"Crosby, Stills & Nash","Crosby, Stills & Nash",Atlantic,1969,29,5,Rock,10,2447
162,Pulp,Different Class,Island,1995,30,10,Rock,12,3170
163,Various Artists,Saturday Night Fever,RSO,1977,15,11,Disco,17,4554
164,Johnny Cash,At Folsom Prison,Columbia,1968,6,5,Country,16,2705
165,R.E.M,Murmur,I.R.S.,1983,12,4,Pop,12,2651
166,Buddy Holly,20 Golden Greats,MCA,1978,17,2,Rock,20,2716
167,Depeche Mode,Violator,Sire,1990,19,3,Pop,9,2822
168,Steely Dan,Can’t Buy a Thrill,ABC,1972,15,11,Rock,10,2457
169,Billy Joel,The Stranger,Columbia,1977,29,9,Rock,9,2554
170,Taylor Swift,Folklore,Republic,2020,24,7,Folk,16,3809
171,Sonic Youth,Daydream Nation,Enigma,1988,18,10,Rock,12,4247
172,Simon and Garfunkel,Bridge Over Troubled Water,Columbia,1970,26,1,Rock,11,2189
173,Nirvana,In Utero,Geffen,1993,21,9,Rock,12,2483
174,Jimmy Cliff and Various Artists,The Harder They Come: Original Soundtrack,Mango,1972,7,7,Reggae,12,2395
175,Kendrick Lamar,DAMN,TDE,2017,14,4,Hip-Hop,14,3294
176,Public Enemy,Fear of a Black Planet,Def Jam,1990,10,4,Hip-Hop,20,3801
177,Rod Stewart,Every Picture Tells a Story,Mercury,1971,28,5,Rock,9,2431
178,Otis Redding,Otis Blue,Volt,1965,15,9,Soul,11,1942
179,Notorious B.I.G.,Life After Death,Bad Boy,1997,25,3,Hip-Hop,25,7239
180,Love,Forever Changes,Elektra,1967,1,11,Rock,11,2525
181,Bob Dylan,Bringing It All Back Home,Columbia,1965,22,3,Rock,11,2841
182,James Taylor,Sweet Baby James,Warner Bros,1970,1,2,Rock,11,1911
183,D’Angelo,Brown Sugar,EMI,1995,3,7,Soul,10,3197
184,Cyndi Lauper,She’s So Unusual,Portrait,1983,14,10,Rock,10,2322
185,The Rolling Stones,Beggars Banquet,Decca,1968,6,12,Rock,10,2384
186,Red Hot Chili Peppers,Blood Sugar Sex Magik,Warner Bros,1991,24,9,Rock,17,4436
187,Ice Cube,AmeriKKKa’s Most Wanted,Priority,1990,18,5,Hip-Hop,16,2976
188,T. Rex,Electric Warrior,Reprise,1971,24,9,Rock,11,2375
189,Sleater-Kinney,Dig Me Out,Kill Rock Stars,1997,8,4,Rock,13,2194
190,The Who,Tommy,Decca,1969,19,5,Rock,24,4484
191,Etta James,At Last!,Argo,1961,15,11,Blues,10,1751
192,Beastie Boys,Licensed to Ill,Def Jam,1986,15,11,Hip-Hop,13,2743
193,Creedence Clearwater Revival,Willy and the Poor Boys,Fantasy,1969,29,10,Rock,10,2071
194,Michael Jackson,Bad,Epic,1987,31,8,Pop,10,2639
195,Leonard Cohen,Songs of Leonard Cohen,Columbia,1967,27,12,Folk,10,2462
196,Robyn,Body Talk,Konichiwa,2010,22,11,Pop,15,3700
197,The Beatles,Meet the Beatles!,Capitol,1964,20,1,Rock,12,1603
198,The B-52’s,The B-52’s,Warner Bros,1979,6,7,New wave,9,2354
199,Pavement,Slanted and Enchante,Matador,1993,20,4,Rock,14,2341
200,Sade,Diamond Life,Epic,1984,16,7,Soul,9,2671
201,A Tribe Called Quest,Midnight Marauders,Jive,1993,9,11,Hip-Hop,14,3072
202,Björk,Homogenic,Elektra,1997,20,9,Electronic,10,2615
203,Nick Drake,Pink Moon,Island,1979,25,2,Folk,11,1702
204,Kanye West,Graduation,Roc-A-Fella,2007,11,9,Hip-Hop,13,3083
205,Cat Steven,Tea for the Tillerman,A&M,1970,23,11,Rock,11,2209
206,David Bowie,Low,RCA,1977,14,1,Rock,11,2306
207,Eagles,Eagles,Asylum,1972,1,6,Rock,10,2239
208,Lil Wayne,Tha Carter III,Cash Moneytown,2008,6,10,Hip-Hop,16,4624
209,Run-DMC,Raising Hell,Profile,1986,15,5,Hip-Hop,12,2386
210,Ray Charles,The Birth of Soul,Atlantic,1991,1,10,R&B,53,8928
211,Joy Divison,Unknown Pleasures,Factory,1980,15,6,Punk,10,2368
212,Nina Simone,Wild Is the Wind,Philips,1966,16,9,Jazz,11,2348
213,Fiona Apple,The Idler Wheel,Epic,2012,19,6,Pop,10,2559
214,Tom Petty,Wildflowers,Warner Bros,1994,1,11,Rock,15,3768
215,Grateful Dead,American Beauty,Warner Bros,1970,1,11,Rock,10,2541
216,Elliott Smith,Either/Or,Kill Rock Stars,1997,25,2,Folk,12,2212
217,Oasis,Definitely Maybe,Epic,1994,29,8,Rock,11,3117
218,TLC,CrazySexyCool,LaFace,1994,15,11,R&B,16,3370
219,Raekwon,Only Built 4 Cuban Linx,Loud,1995,1,8,Hip-Hop,17,4170
220,"Crosby, Stills, Nash, and Young",Déjà Vu,Epic,1970,11,3,Rock,10,2184
221,Rage Against the Machine,Rage Against the Machine,Epic,1992,3,11,Heavy metal,10,3175
222,Madonna,Ray of Light,Maverick,1998,22,2,Pop,13,4012
223,John Lennon,Imagine,Apple,1971,9,9,Rock,10,2369
224,Dixie Chicks,Fly,Monument,1999,31,8,Country,14,2882
225,Wilco,Yankee Hotel Foxtrot,Nonesuch,2001,18,9,Rock,11,3111
226,Derek and the Dominos,Layla and Other Assorted Love Songs,Atco,1970,9,11,Rock,14,4604
227,Little Richard,Here’s Little Richard,Specialty,1957,4,3,Rock,12,1710
228,De La Soul,De La Soul Is Dead,Tommy Boy,1991,13,5,Hip-Hop,27,4429
229,Patsy Cline,The Ultimate Collection,Universal,2000,17,10,Country,32,4932
230,Rihanna,Anti,Roc Nation,2016,28,1,Pop,13,2616
231,Tom Petty and the Heartbreakers,Damn the Torpedoes,Backstreet,1979,19,10,Rock,9,2198
232,John Coltrane,Giant Steps,Atlantic,1960,15,2,Jazz,7,2223
233,Tori Amos,Little Earthquakes,Atlantic,1992,6,1,Rock,12,3431
234,Black Sabbath,Master of Reality,Veritgo,1971,6,8,Heavy metal,8,2069
235,Metallica,Metallica (The Black Album),Elektra,1991,12,8,Heavy metal,12,3760
236,Daft Punk,Discovery,Virgin,2001,12,3,Disco,14,3650
237,Willie Nelson,Red Headed Stranger,Columbia,1975,15,5,Country,15,2010
238,Kraftwerk,Trans Europe Expres,Kling Klang,1977,15,3,Electronic,8,2565
239,Boogie Down Productions,Criminal Minded,B-Boy,1987,3,3,Hip-Hop,11,3103
240,Sam Cooke,"Live at the Harlem Square Club, 1963",RCA,1985,15,6,Soul,9,2249
241,Massive Attack,Blue Lines,Wildbunch,1991,8,4,Trip hop,9,2708
242,The Velvet Underground,Loaded,Cotillion,1970,15,11,Rock,10,2388
243,The Zombies,Odessey and Oracle,Date,1968,19,4,Pop,12,2118
244,Kanye West,808s & Heartbreak,Roc-A-Fella,2008,24,11,Hip-Hop,12,3125
245,Cocteau Twins,Heaven or Las Vegas,4AD,1990,17,9,Pop,10,2262
246,LL Cool J,Mama Said Knock You Out,Def Jam,1991,14,9,Hip-Hop,14,3696
247,Sade,Love Deluxe,Epic,1992,26,10,R&B,9,2747
248,Green Day,American Idiot,Reprise,2004,21,9,Rock,13,3434
249,Whitney Houston,Whitney Houston,Arista,1985,14,2,Pop,10,2814
250,Buzzcocks,Singles Going Steady,I.R.S.,1979,25,9,Rock,16,2869
251,Elton John,Honky Château,Uni,1972,19,5,Rock,10,2712
252,Devo,Q: Are We Not Men? A: We Are Devo!,Warner Bros,1978,28,8,New wave,11,2064
253,Pink Floyd,The Piper at the Gates of Dawn,EMI,1967,4,8,Rock,11,2514
254,Herbie Hancock,Head Hunters,Columbia,1973,26,10,Jazz,4,2512
255,Bob Dylan,The Freewheelin’ Bob Dylan,Columbia,1963,27,5,Rock,13,2654
256,Tracy Chapman,Tracy Chapman,Elektra,1988,5,4,Folk,11,2171
257,Dolly Parton,Coat of Many Colors,RCA,1971,4,10,Country,10,1646
258,Joni Mitchel,The Hissing of Summer Lawns,Asylum,1975,5,12,Jazz,10,2554
259,Janis Joplin,Pearl,Columbia,1971,11,1,Rock,10,2049
260,The Slits,Cut,Antilles,1979,7,9,Punk,10,1912
261,Beastie Boys,Check Your Head,Capitol,1992,21,4,Hip-Hop,20,3209
262,New Order,"Power, Corruption & Lies",Factory,1983,2,5,Pop,8,2554
263,The Beatles,Hard Day’s Night,United Artists,1964,10,7,Rock,12,1809
264,Pink Floyd,Wish You Were Here,Columbia,1975,12,9,Rock,5,2645
265,Pavement,Wowee Zowee,Matador,1995,11,4,Rock,18,3351
266,The Beatles,Help!,Capitol,1965,6,8,Rock,12,2024
267,Minutemen,Double Nickels on the Dime,SST,1984,3,7,Punk,12,4861
268,Randy Newman,Sail Away,Reprise,1972,23,5,Pop,17,1807
269,Kanye West,Yeezus,Roc-A-Fella,2013,18,6,Hip-Hop,10,2401
270,Kacey Musgraves,Golden Hour,MCA Nashville,2018,30,3,Country,13,2744
271,Mary J. Blige,What’s the 411?,Uptown,1992,28,7,R&B,12,3119
272,The Velvet Underground,White Light/White Heat,Verve,1968,30,1,Rock,6,2413
273,Gang of Four,Entertainment,Warner Bros,1979,25,9,Punk,12,2393
274,The Byrds,Sweetheart of the Rodeo,Columbia,1968,15,8,Rock,11,1955
275,Curtis Mayfield,Curtis,Curtom,1970,15,9,Soul,8,2428
276,Radiohead,The Bends,Capitol,1995,13,3,Rock,12,2913
277,Alicia Keys,The Diary of Alicia Keys,J Records,2003,2,12,R&B,15,3465
278,Led Zeppelin,Houses of the Holy,Atlantic,1973,28,3,Rock,8,2457
279,Nirvana,MTV Unplugged in New York,Geffen,1994,1,11,Rock,14,3230
280,50 Cent,Get Rich or Die Tryin,Interscope,2002,2,6,Hip-Hop,16,3224
281,Harry Nilsson,Nilsson Schmilsson,RCA,1971,11,11,Rock,10,2117
282,Frank Sinatra,In the Wee Small Hours,Capitol,1955,25,4,Jazz,16,2992
283,Donna Summer,Bad Girls,Casablanca,1975,25,4,Disco,15,4288
284,Merle Haggard,Down Every Road 1962-1994,Capitol,1996,1,1,Country,100,16946
285,Big Star,Third/Sister Lovers,PVC,1978,18,3,Rock,14,3102
286,Red Hot Chili Peppers,Californication,Warner Bros,1999,8,6,Rock,15,3384
287,The Byrds,Mr. Tambourine Man,Columbia,1965,21,6,Rock,12,1895
288,The Modern Lovers,The Modern Lovers,Beserkley,1976,15,8,Punk,9,2091
289,Björk,Post,Elektra,1995,7,6,Pop,11,2770
290,OutKast,Speakerboxxx/The Love Below,LaFace,2003,23,9,Hip-Hop,40,8089
291,Destiny’s Child,The Writing’s on the Wall,Columbia,1999,14,7,R&B,16,3892
292,Van Halen,Van Halen,Warner Bros,1978,10,2,Rock,11,2134
293,The Breeders,Last Splash,Elektra,1993,30,8,Rock,15,2378
294,Weezer,Weezer (The Blue Album),Geffen,1994,10,5,Rock,10,2496
295,Daft Punk,Random Access Memories,Columbia,2013,17,5,Disco,13,4479
296,Neil Young,Rust Never Sleeps,Reprise,1979,22,6,Rock,9,2296
297,Peter Gabriel,So,Geffen,1986,19,5,Pop,9,2516
298,Tom Petty,Full Moon Fever,MCA,1989,24,4,Rock,12,2398
299,B.B. King,Live at the Regal,ABC-Paramount,1965,15,1,Blues,10,2086
300,Shania Twain,Come on Over,Mercury,1997,4,11,Country,16,3608
301,New York Dolls,New York Dolls,Mercury,1973,27,7,Rock,11,2564
302,Neil Young,Tonight’s the Night,Reprise,1975,20,6,Rock,12,2692
303,ABBA,The Definitive Collection,Universal,2001,2,11,Pop,39,8858
304,Bill Withers,Just As I Am,Sussex,1971,1,5,Soul,12,2137
305,Kiss,Alive!,Casablanca,1975,10,9,Rock,16,4355
306,Al Green,I’m Still in Love With You,Hi,1972,23,10,Soul,9,2099
307,Sam Cooke,Portrait of a Legend,ABKCO,2003,17,6,R&B,30,4748
308,Brian Eno,Here Come the Warm Jets,Island,1974,8,2,Rock,10,2521
309,Joy Division,Closer,Factory,1980,18,7,Punk,9,2656
310,Wire,Pink Flag,Harvest,1977,15,12,Rock,21,2137
311,Neil Young,On the Beach,Reprise,1974,19,7,Rock,8,2380
312,Solange,A Seat at the Table,Saint,2016,20,9,Soul,21,3103
313,PJ Harvey,"Stories From the City, Stories From the Sea",Island,2000,23,10,Rock,12,2845
314,Aaliyah,One in a Million,Blackground,1996,13,8,R&B,17,4398
315,Rosalía,El Mal Querer,Sony,2018,2,11,Pop,11,1813
316,The Who,The Who Sell Out,Decca,1967,15,12,Rock,13,2326
317,Billie Holiday,Lady in Satin,Columbia,1958,15,6,Jazz,12,2676
318,Janet Jackson,The Velvet Rope,Virgin,1997,7,10,R&B,22,4532
319,The Stone Roses,The Stone Roses,Silvertone,1989,2,5,Rock,11,2900
320,X,Los Angeles,Slash,1980,26,4,Rock,9,1685
321,Lana Del Rey,Norman Fucking Rockwell!,Polydor,2019,30,8,Rock,14,4063
322,Elvis Presley,From Elvis in Memphis,RCA,1969,2,6,Rock,12,2202
323,The Clash,Sandinista!,Epic,1980,12,12,Punk,36,8649
324,Coldplay,A Rush of Blood to the Head,Capitol,2002,26,8,Rock,11,3248
325,Jerry Lee Lewis,All Killer No Filler!,Rhino,1993,18,5,Rock,42,7017
326,Prince,Dirty Mind,Warner Bros,1980,8,10,Funk,8,1814
327,The Who,Live at Leeds,Decca,1970,11,5,Rock,6,2263
328,Vampire Weekend,Modern Vampires of the City,XL,2013,14,5,Rock,12,2574
329,DJ Shadow,Endtroducing…..,Mo’ Wax,1996,16,9,Hip-Hop,13,3803
330,Burna Boy,African Giant,Atlantic,2019,26,7,Afrobeats,19,3600
331,Madonna,Like a Prayer,Sire,1989,21,3,Pop,11,3076
332,Elvis Presley,Elvis Presley,RCA,1956,23,3,Rock,12,1683
333,Bill Withers,Still Bill,Sussex,1972,15,5,Soul,10,2174
334,Santana,Abraxas,Columbia,1970,23,9,Rock,9,2256
335,Bob Dylan and the Band,The Basement Tapes,Columbia,1975,26,6,Rock,24,4601
336,Roxy Music,Avalon,E.G.,1982,28,5,Pop,10,2246
337,Bob Dylan,John Wesley Harding,Columbia,1967,27,12,Rock,12,2304
338,Brian Eno,Another Green World,Island,1975,14,11,Pop,14,2455
339,Janet Jackson,Rhythm Nation 1814,A&M,1989,19,9,Pop,20,3874
340,Snoop Doggy Dogg,Doggystyle,Death Row,1993,23,11,Hip-Hop,19,3284
341,The Smashing Pumpkins,Siamese Dream,Virgin,1993,27,7,Rock,13,3728
342,The Beatles,Let It Be,Apple,1970,8,5,Rock,12,2110
343,Sly and the Family Stone,Greatest Hits,Epic,1970,21,11,Soul,12,2396
344,Toots and the Maytals,Funky Kingston,Island,1973,15,3,Reggae,8,2096
345,Bruce Springsteen,"The Wild, the Innocent & the E Street Shuffle",Columbia,1973,5,11,Rock,7,2807
346,Arctic Monkeys,AM,Domino,2013,9,9,Rock,12,2498
347,GZA,Liquid Swords,Geffen,1995,7,11,Hip-Hop,12,3049
348,Gillian Welch,Time (The Revelator),Acony,2001,21,7,Country,10,3094
349,MC5,Kick Out the Jams,Elektra,1969,15,2,Punk,8,2392
350,Stevie Wonder,Music of My Mind,Tamla,1972,3,3,Soul,9,2855
351,SZA,SOS,Top Dawg,2022,9,12,R&B,23,4071
352,Eminem,The Slim Shady LP,Interscope,1999,23,2,Hip-Hop,20,3579
353,The Cars,The Cars,Elektra,1978,15,5,New wave,9,2120
354,X-Ray Spex,Germfree Adolescents,EMI,1978,10,11,Rock,12,2151
355,Black Sabbath,Black Sabbath,Warner Bros,1970,13,2,Heavy metal,7,2288
356,Dr. John,Gris-Gris,Atco,1968,22,1,R&B,7,1992
357,Tom Waits,Rain Dogs,Island,1985,30,9,Rock,19,3226
358,Olivia Rodrigo,Sour,Geffen,2021,21,5,Pop,11,2081
359,Big Star,Radio City,Ardent,1974,20,2,Rock,12,2174
360,Funkadelic,One Nation Under a Groove,Warner Bros,1978,22,9,Funk,6,2530
361,My Chemical Romance,The Black Parade,Reprise,2006,23,10,Rock,14,3113
362,Luther Vandross,Never Too Much,Epic,1981,12,8,R&B,7,2210
363,Parliament,Mothership Connection,Casablanca,1975,15,12,Funk,8,2298
364,Talking Heads,More Songs About Buildings and Food,Sire,1978,14,7,New wave,11,2492
365,Madvillain,Madvillainy,Stones Throw,2004,23,3,Hip-Hop,22,2768
366,Aerosmith,Rocks,Columbia,1976,3,5,Rock,9,2097
367,Drake,If You’re Reading This It’s Too Late,Cash Money,2015,13,2,Hip-Hop,17,4118
368,George Harrison,All Things Must Pass,Apple,1970,27,11,Rock,23,6360
369,Mobb Deep,The Infamous,Loud,1995,25,4,Hip-Hop,16,4011
370,Lil Wayne,Tha Carter II,Cash Money,2005,6,12,Hip-Hop,22,4642
371,The Temptations,Anthology,Tamla,1973,23,8,R&B,42,9231
372,Big Brother and the Holding Company,Cheap Thrills,Columbia,1968,12,8,Rock,7,2231
373,Isaac Hayes,Hot Buttered Soul,Enterprise,1969,15,6,Soul,4,2724
374,Robert Johnson,King of the Delta Blues Singers,Columbia,1961,15,6,Blues,16,2588
375,Green Day,Dookie,Reprise,1994,1,2,Rock,14,2375
376,Neutral Milk Hotel,In the Aeroplane Over the Sea,Merge,1998,10,2,Rock,11,2395
377,Yeah Yeah Yeahs,Fever to Tell,Interscope,2003,29,4,Rock,11,2245
378,Run-DMC,Run-DMC,Profile,1983,27,3,Hip-Hop,9,2367
379,Rush,Moving Pictures,Anthem,1981,12,2,Rock,7,2403
380,Charles Mingus,Mingus Ah Um,Columbia,1959,12,5,Jazz,9,2753
381,Lynyrd Skynyrd,(Pronounced ‘Lĕh-‘nérd ‘Skin-‘nérd),MCA,1973,13,8,Rock,8,2583
382,Tame Impala,Currents,Interscope,2015,17,7,Pop,13,3072
383,Massive Attack,Mezzanine,Circa,1998,20,5,Trip hop,11,3809
384,The Kinks,The Kinks Are the Village Green Preservation Society,Reprise,1969,22,11,Pop,15,2351
385,Ramones,Rocket to Russia,Sire,1977,4,11,Rock,14,1906
386,J Dilla,Donuts,Stones Throw,2006,7,2,Hip-Hop,31,2604
387,Radiohead,In Rainbows,XL,2007,10,10,Rock,10,2559
388,Aretha Franklin,"Young, Gifted and Black",Atlantic,1972,2,1,Soul,12,2686
389,Mariah Carey,The Emancipation of Mimi,Island,2005,12,4,Pop,14,3010
390,Pixies,Surfer Rosa,4AD,1988,21,3,Rock,13,2047
391,Kelis,Kaleidoscope,Virgin,1999,7,12,R&B,14,3705
392,Ike and Tina Turner,Proud Mary: The Best of Ike and Tina Turner,EMI,1991,18,3,Soul,23,4271
393,Taylor Swift,1989,Big Machine,2014,27,10,Pop,13,2921
394,Diana Ross,Diana,Motown,1980,22,5,R&B,8,2057
395,D’Angelo and the Vanguard,Black Messiah,RCA,2014,15,12,Soul,12,3354
396,Todd Rundgren,Something/Anything?,Bearsville,1972,15,2,Rock,25,5433
397,Billie Eilish,"When We All Fall Asleep, Where Do We Go?",Interscope,2019,29,3,Pop,14,2575
398,The Raincoats,The Raincoats,Rough Trade,1979,21,11,Punk,10,1886
399,Brian Wilson,Smile,Nonesuch,2004,28,9,Pop,17,2809
400,The Go-Go’s,Beauty and the Beat,I.R.S,1981,14,7,New wave,11,2134
401,Blondie,Blondie,Private Stock,1977,15,12,New wave,11,1978
402,Fela Kuti and Africa 70,Expensive Shit,Sounds Workshop,1975,15,6,Afrobeats,2,1453
403,Ghostface Killah,Supreme Clientele,Epic,2000,8,2,Hip-Hop,21,3850
404,Anita Baker,Rapture,Elektra,1986,20,3,R&B,8,2229
405,Various,Nuggets: Original Artyfacts from the First Psychedelic Era,Elektra,1972,2,10,Rock,27,4645
406,Magnetic Fields,69 Love Songs,Merge,1999,7,9,Pop,69,10323
407,Neil Young,Everybody Knows This Is Nowhere,Reprise,1969,14,5,Rock,7,2402
408,Motörhead,Ace of Spades,Bronze,1980,8,11,Heavy metal,12,2202
409,Grateful Dead,Workingman’s Dead,Warner Bros,1970,14,6,Rock,8,2133
410,The Beach Boys,Wild Honey,Capitol,1967,18,12,Soul,11,1434
411,Bob Dylan,Love and Theft,Columbia,2001,11,9,Rock,12,3445
412,Smokey Robinson and the Miracles,Going to a Go Go,Tamla,1965,1,11,Soul,12,2029
413,Creedence Clearwater Revival,‘Cosmo’s Factory,Fantasy,1970,8,7,Rock,11,2548
414,Chic,Risqué,Atlantic,1979,30,7,Disco,7,2206
415,The Meters,Looka Py Py,Josie,1969,15,12,Funk,12,1953
416,The Roots,Things Fall Apart,MCA,1999,23,2,Hip-Hop,18,4232
417,Ornette Coleman,The Shape of Jazz to Come,Atlantic,1959,22,5,Jazz,6,2279
418,Dire Straits,Brothers in Arms,Warner Bros,1985,17,5,Rock,9,3315
419,Eric Church,Chief,EMI Nashville,2011,26,7,Country,12,2379
420,"Earth, Wind and Fire",That’s the Way of the World,Columbia,1975,3,3,Soul,8,2303
421,M.I.A,Arular,Interscope,2005,22,3,Hip-Hop,13,2286
422,Marvin Gaye,Let’s Get It On,Tamla,1973,28,8,Soul,8,1896
423,Yo La Tengo,I Can Hear the Heart Beating As One,Matador,1997,22,4,Rock,16,4090
424,Beck,Odelay,Geffen,1996,16,6,Rock,14,3086
425,Paul Simon,Paul Simon,Columbia,1972,24,1,Rock,11,2043
426,Lucinda Williams,Lucinda Williams,Rough Trade,1988,15,6,Country,12,2315
427,Al Green,Call Me,Hi,1973,18,7,Soul,9,2107
428,Hüsker Dü,New Day Rising,SST,1985,15,1,Punk,15,2449
429,The Four Tops,Reach Out,Tamla,1967,15,7,R&B,12,1964
430,Bad Bunny,Un Verano Sin Ti,RIMAS,2022,6,5,Reggaeton,23,4913
431,Los Lobos,How Will the Wolf Survive?,Slash,1984,17,10,Rock,11,1991
432,Usher,Confessions,Arista,2004,23,3,R&B,17,3630
433,LCD Soundsystem,Sound of Silver,DFA,2007,12,3,Punk,9,3355
434,Pavement,"Crooked Rain, Crooked Rain",Matador,1994,14,2,Rock,12,2536
435,Pet Shop Boys,Actually,EMI Manhattan,1987,7,9,Pop,10,2872
436,2Pac,All Eyez on Me,Death Row,1996,13,2,Hip-Hop,28,7940
437,Gorillaz,Demon Days,EMI,2005,11,5,Rock,15,3102
438,Blur,Parklife,Food,1994,25,4,Rock,16,3160
439,James Brown,Sex Machine,King,1970,14,10,Funk,15,3869
440,Loretta Lynn,Coal Miner’s Daughter,Decca,1971,4,1,Country,11,1697
441,Britney Spears,Blackout,Jive,2007,25,10,Pop,12,2617
442,The Weeknd,Beauty Behind the Madness,XO,2015,28,8,R&B,14,3906
443,David Bowie,Scary Monsters,RCA,1980,12,9,Rock,10,2737
444,Fiona Apple,Extraordinary Machine,Epic,2005,4,10,Pop,12,3034
445,Yes,Close to the Edge,Atlantic,1972,8,9,Rock,3,2271
446,Alice Coltrane,Journey in Satchidanada,Impulse!,1971,15,2,Jazz,5,2226
447,Bad Bunny,X 100pre,Rimas,2018,24,12,Reggaeton,15,3237
448,Otis Redding,Dictionary of Soul,Volt,1966,15,10,Soul,12,2175
449,The White Stripes,Elephant,V2,2003,1,4,Rock,14,2996
450,Paul and Linda McCartney,Ram,Apple,1971,17,5,Rock,12,2595
451,Roberta Flack,First Take,Atlantic,1969,20,1,Jazz,8,2768
452,Diana Ross and the Supremes,Anthology,Tamla,1974,15,5,R&B,35,5863
453,Nine Inch Nails,Pretty hate Machine,TVT,1989,20,10,Rock,10,2922
454,Can,Ege Bamyasi,United Artists,1972,29,11,Rock,7,2406
455,Bo Diddley,Bo Diddley/Go Bo Diddley,Chess,1958,15,7,Rock,12,1857
456,Al Green,Greatest Hits,Hi,1975,15,4,Soul,10,2194
457,Sinéad O’Connor,I Do Not Want What I Haven’t Got,Ensign,1990,12,3,Rock,10,3069
458,Jason Isbell,Southeastern,Southeastern,2013,11,6,Country,12,2838
459,Kid Cudi,Man on the Moon: The End of the Day,Dream On,2009,15,9,Hip-Hop,18,3513
460,Lorde,Melodrama,Universal,2017,16,6,Pop,11,2459
461,Bon Iver,For Emma,Jagjaguwar,2008,8,7,Folk,9,2234
462,The Flying Burrito Brothers,The Gilded Palace of Sin,A&M,1969,6,2,Rock,11,2244
463,Laura Nyro,Eli & the 13th Confession,Columbia,1968,13,3,Soul,13,2775
464,The Isley Brothers,3+3,T-Neck,1973,7,8,Soul,9,2335
465,King Sunny Adé,The Best of the Classic Years,Shanachie,2003,15,6,Jùjú,10,4300
466,Black Uhuru,Red,Mango,1981,1,1,Reggae,8,2364
467,Maxwell,BLACKsummers'night,Columbia,2009,7,7,Soul,9,2241
468,The Rolling Stones,Some Girls,Rolling Stones,1978,9,6,Rock,10,2445
469,Manu Chao,Clandestino,Virgin,1998,6,10,Reggae,16,2751
470,Juvenile,400 Degrezz,Cash Money,1998,3,11,Hip-Hop,18,4349
471,Jefferson Airplane,Surrealistic Pillow,RCA,1967,1,2,Rock,11,2020
472,SZA,Ctrl,RCA,2017,9,6,R&B,14,2941
473,Daddy Yankee,Barrio Fino,V.I. Music,2004,13,7,Reggaeton,21,3984
474,Big Star,#1 Record,Ardent,1972,24,4,Rock,12,2223
475,Sheryl Crow,Sheryl Crow,A&M,1996,24,9,Rock,13,3388
476,Sparks,Kimono My House,Island,1974,1,5,Rock,17,2179
477,Howlin' Wolf,Moanin’ in the Moonlight,Chess,1959,15,6,Blues,12,2033
478,The Kinks,Something Else by the Kinks,PYE,1968,15,9,Pop,13,2177
479,Selena,Amor Prohibido,EMA Latin,1994,22,3,Pop,10,2127
480,Miranda Labert,The Weight of These Wings,Erca Nashvile,2016,18,11,Country,24,5641
481,Belle and Sebastian,If You’re Feeling Sinister,Jeepster,1996,18,11,Pop,10,2477
482,The Pharcyde,Bizarre Ride II the Pharcyde,Delicious Vinyl,1992,24,11,Hip-Hop,16,3401
483,Muddy Waters,The Abthology,MCA,2001,28,8,Blues,50,8844
484,Lady Gaga,Born This Way,Interscope,2011,23,5,Pop,14,3667
485,Richard and Linda Thompson,I Want to See the Bright Lights Tonight,Island,1974,30,4,Rock,10,2215
486,John Mayer,Continuum,Columbia,2006,12,9,Rock,12,2974
487,Black Flag,Damaged,SST,1981,5,12,Punk,15,2098
488,The Stooges,The Stooges,Elektra,1969,5,8,Punk,8,2073
489,Phil Spector,back to Mono,Abkco,1991,12,11,Pop,73,12372
490,Linda Ronstandt,Heart Like a Whee,Capitol,1975,19,11,Rock,10,1900
491,Harry Styles,Harry's House,Columbia,2022,20,5,Pop,13,2508
492,Bonnie Raitt,Nick of Time,Capitol,1989,21,3,Americana,11,2551
493,Marvin Gaye,"Here, My Dear",Tamla,1978,15,12,Soul,14,4311
494,The Ronettes,Presenting the Fabulous Ronettes,Philles,1964,15,11,Pop,12,2194
495,Boyz II Men,II,Motown,1991,30,8,R&B,13,3458
496,Shakira,Dónde Están los Ladrones,Columbia,1998,29,9,Pop,11,2466
497,Various Artists,The Indestructible Beat of Soweto,Earthworks,1985,15,5,Mbaqanga,12,2742
498,Suicide,Suicide,Red Star,1977,28,12,Pop,7,1927
499,"Rufus, Chaka Khan",Ask Rufus,ABC,1977,12,4,Funk,9,2237
500,Arcade Fire,Funeral,Merge,2004,14,9,Rock,10,2882